Title,First Name,Last Name,Job Title,Job Function,Company Name,Address Line 1,Address Line 2,Address Line 3,City,State Or Province,Postal Code,Country,Company Phone,Company Fax,Direct Phone,Mobile,Email,Assumed Email,Assistant Name,Assistant Email,Employees,Industry,Website,Revenue (USD),US SIC 1987 Code,US SIC 1987 Description,NAICS 2012 Code,NAICS 2012 Description,WhitePaper,Custome Question,Webinar Link,Appointment setting,DeliveryDate,LeadCreatedDate,timezone
,,,,,,,,,,,,,,,,,,,,,,,,,,,,,,,,,,,
,,,,,,,,,,,,,,,,,,,,,,,,,,,,,,,,,,,
,,,,,,,,,,,,,,,,,,,,,,,,,,,,,,,,,,,
,,,,,,,,,,,,,,,,,,,,,,,,,,,,,,,,,,,
,,,,,,,,,,,,,,,,,,,,,,,,,,,,,,,,,,,
,,,,,,,,,,,,,,,,,,,,,,,,,,,,,,,,,,,
,,,,,,,,,,,,,,,,,,,,,,,,,,,,,,,,,,,
,,,,,,,,,,,,,,,,,,,,,,,,,,,,,,,,,,,
,,,,,,,,,,,,,,,,,,,,,,,,,,,,,,,,,,,
